id_empresa,ruc,empresa,sector,departamento,banco_referencia,liquidez,endeudamiento,flujo,historial,clasificacion_sbs,riesgo_esperado,recomendacion_esperada,alerta_kyc,fuente
PER-001,20512345671,AgroPerú SAC,Agroindustria,La Libertad,Banco de Crédito del Perú (BCP),1.8,0.4,Positivo,Bueno,Normal,Bajo,Aprobar,Sin observaciones. Riesgo estacional por fenómeno climático (El Niño).,Guía Oficial Lab (Ejemplo Base)
PER-002,20601234582,TechNova SRL,Tecnología y Software,Lima,Interbank,1.2,0.7,Variable,Regular,Con Problemas Potenciales (CPP),Medio,Evaluar,Bajo riesgo PLAFT. Validar recurrencia de contratos de software en el exterior.,Guía Oficial Lab (Ejemplo Base)
PER-003,20198765433,Minera Andina,Minería,Pasco,BBVA Perú,0.9,0.8,Negativo,Malo,Deficiente,Alto,Rechazar,Alto riesgo PLAFT y ambiental. Exige debida diligencia ampliada de origen de fondos.,Guía Oficial Lab (Ejemplo Base)
PER-004,20455667784,Constructora Andina SAC,Construcción,Cusco,Scotiabank Perú,0.95,0.85,Negativo,Regular,Con Problemas Potenciales (CPP),Alto,Evaluar,Alto riesgo anticorrupción por licitaciones con gobiernos regionales/locales.,Guía Oficial Lab (Caso Reto)
PER-005,20100055237,Alicorp S.A.A.,Consumo Masivo,Callao,Banco de Crédito del Perú (BCP),1.15,0.62,Positivo,Bueno,Normal,Bajo,Aprobar,Empresa corporativa con gobierno corporativo sólido y auditorías internacionales.,BVL / SMV Auditado
PER-006,20170072465,Sociedad Minera Cerro Verde S.A.A.,Minería,Arequipa,Scotiabank Perú,2.1,0.28,Positivo,Bueno,Normal,Bajo,Aprobar,Líder de minería formal de cobre. Alta solidez patrimonial y cumplimiento tributario.,BVL / SMV Auditado
PER-007,20100166578,Petróleos del Perú - Petroperú S.A.,Hidrocarburos y Energía,Lima,Banco de la Nación,0.62,0.92,Negativo,Malo,Dudoso,Alto,Rechazar,Empresa estatal con severa crisis de liquidez y dependencia de rescates fiscales.,BVL / SMV Auditado
PER-008,20100085497,Aenza S.A.A. (ex Graña y Montero),Construcción,Lima,BBVA Perú,0.88,0.82,Variable,Regular,Con Problemas Potenciales (CPP),Alto,Evaluar,Debida diligencia estricta por acuerdos de colaboración eficaz y riesgo reputacional.,BVL / SMV Auditado
PER-009,20100028698,Ferreycorp S.A.A.,Bienes de Capital y Maquinaria,Lima,Banco de Crédito del Perú (BCP),1.45,0.58,Positivo,Bueno,Normal,Bajo,Aprobar,Distribuidor oficial Caterpillar. Excelente récord de pago en RCC SBS.,BVL / SMV Auditado
PER-010,20340584237,Camposol S.A.,Agroindustria,La Libertad,Interbank,1.1,0.74,Variable,Regular,Con Problemas Potenciales (CPP),Medio,Evaluar,Líder agroexportador (arándano/palta). Sensible a precios internacionales y logística.,BVL / SMV Auditado
PER-011,20383045267,Volcan Compañía Minera S.A.A.,Minería,Junín,Banco Santander Perú,0.7,0.88,Negativo,Malo,Deficiente,Alto,Rechazar,Proceso de reestructuración financiera de bonos internacionales y alto apalancamiento.,BVL / SMV Auditado
PER-012,20419387658,Cementos Pacasmayo S.A.A.,Construcción,La Libertad,Banco de Crédito del Perú (BCP),1.52,0.54,Positivo,Bueno,Normal,Bajo,Aprobar,Monopolio regional en el norte peruano con márgenes operativos estables.,BVL / SMV Auditado
PER-013,20100017491,Telefónica del Perú S.A.A.,Telecomunicaciones,Lima,BBVA Perú,0.65,0.95,Negativo,Malo,Deficiente,Alto,Rechazar,Contingencias tributarias millonarias con SUNAT y pérdidas acumuladas.,BVL / SMV Auditado
PER-014,20100070970,Supermercados Peruanos S.A. (Plaza Vea / Vivanda),Comercio y Retail,Lima,Interbank,0.95,0.68,Positivo,Bueno,Normal,Bajo,Aprobar,Flujo de caja comercial muy predecible. Apalancamiento manejable dentro del grupo.,BVL / SMV Auditado
PER-015,20269985904,Pluz Energía Perú S.A.A. (ex Enel Distribución),Servicios Públicos y Energía,Lima,Banco de Crédito del Perú (BCP),1.25,0.52,Positivo,Bueno,Normal,Bajo,Aprobar,Monopolio regulado de distribución eléctrica en Lima Norte. Riego regulatorio bajo.,BVL / SMV Auditado
PER-016,20100079501,Compañía de Minas Buenaventura S.A.A.,Minería,Lima,Banco de Crédito del Perú (BCP),2.59,0.35,Positivo,Bueno,Normal,Bajo,Aprobar,Productora emblemática de oro y plata. Cotiza en BVL y NYSE con alta solvencia.,BVL / SMV Auditado
PER-017,20542311488,A & G Misti Constructores S.A.C.,Construcción,San Martín,Banco de Crédito del Perú (BCP),1.05,0.78,Variable,Regular,Con Problemas Potenciales (CPP),Medio,Evaluar,Contratista de obras de infraestructura vial en selva alta. Supervisar valorizaciones.,Reactiva Perú / SUNAT
PER-018,20601959217,A y N Calzados S.A.C.,Industria Manufacturera,Lima,Banco de Crédito del Perú (BCP),1.35,0.55,Positivo,Bueno,Normal,Bajo,Aprobar,PYME manufacturera con ventas estables a cadenas retail locales.,Reactiva Perú / SUNAT
PER-019,20524693250,2L Soluciones S.A.C.,Servicios Empresariales,Lima,Banco de Crédito del Perú (BCP),1.18,0.69,Variable,Regular,Con Problemas Potenciales (CPP),Medio,Evaluar,Servicios de consultoría y alquiler de equipos de cómputo. Cartera concentrada.,Reactiva Perú / SUNAT
PER-020,20551286348,3P Inversiones S.A.C.,Comercio,Lima,Banco de Crédito del Perú (BCP),0.85,0.84,Negativo,Malo,Dudoso,Alto,Rechazar,Venta al por mayor con rotación lenta de inventarios y retrasos tributarios.,Reactiva Perú / SUNAT
PER-021,20553879150,Ñusta Sagrada S.A.C.,Hoteles y Turismo,Cusco,BBVA Perú,0.72,0.89,Negativo,Regular,Con Problemas Potenciales (CPP),Alto,Evaluar,Operador hotelero en Valle Sagrado; sensible a paralizaciones y temporadas turísticas.,Reactiva Perú / SUNAT
PER-022,20546964184,AC Proyectos Generales S.A.C.,Industria Manufacturera,Lima,Banco de Crédito del Perú (BCP),1.4,0.6,Positivo,Bueno,Normal,Bajo,Aprobar,Fabricación de estructuras metálicas para proyectos industriales privados.,Reactiva Perú / SUNAT
PER-023,20601806461,Acerias Tefolca S.A.C.,Comercio,Lima,Banco de Crédito del Perú (BCP),1.12,0.73,Variable,Regular,Con Problemas Potenciales (CPP),Medio,Evaluar,Comercializadora de productos de acero y fierro. Margen operativo estrecho.,Reactiva Perú / SUNAT
PER-024,20524657296,ACR Importaciones Generales E.I.R.L.,Comercio,Lima,Banco de Crédito del Perú (BCP),0.78,0.86,Negativo,Malo,Deficiente,Alto,Rechazar,Riesgo cambiario por importación en dólares y venta en soles no coberturada.,Reactiva Perú / SUNAT
PER-025,20513076100,DP World Callao S.R.L.,Transporte y Logística Portuaria,Callao,Scotiabank Perú,1.6,0.48,Positivo,Bueno,Normal,Bajo,Aprobar,Concesionario del Muelle Sur del Callao. Alto flujo en divisas y respaldo internacional.,BVL / MTC Concesión
